Workbook

Sheet Base de Dados
A1: ID | B1: Stakeholder | C1: Tipo | D1: Papel SBCE | E1: Contato Principal | F1: Email | G1: Influência (1-5) | H1: Exposição (1-5) | I1: Urgência (1-5) | J1: Risco/Bloqueio (1-5) | K1: SCORE PRIORIDADE | L1: Estágio Jornada | M1: Próxima Ação | N1: Owner Interno
A2: 1 | B2: Ministério de Minas e Energia | C2: Instituição | D2: Regulador | E2: Alexandre Silveira | F2: gabinete@mme.gov.br | G2: 5 | H2: 5 | I2: 5 | J2: 2 | K2: =SUM(G2:J2) | L2: Defensor do SBCE | M2: Reunião Bilateral sobre CRVE | N2: Equipe MF - Clima
A3: 2 | B3: CNI - Confederação da Indústria | C3: Instituição | D3: Regulado | E3: Ricardo Alban | F3: presidencia@cni.com.br | G3: 5 | H3: 5 | I3: 4 | J3: 5 | K3: =SUM(G3:J3) | L3: Abordado | M3: Reunião de alto nível sobre custo | N3: Equipe MF - Industria
K4: =SUM(G4:J4)
K5: =SUM(G5:J5)
K6: =SUM(G6:J6)
K7: =SUM(G7:J7)
K8: =SUM(G8:J8)
K9: =SUM(G9:J9)
K10: =SUM(G10:J10)
K11: =SUM(G11:J11)
K12: =SUM(G12:J12)
K13: =SUM(G13:J13)
K14: =SUM(G14:J14)
K15: =SUM(G15:J15)
... K50: =SUM(G50:J50)

Sheet Nexus Dashboard Analytics
B2: MÉTRICAS NATIVAS NEXUS AI
B4: Total de Stakeholders: | C4: =COUNTA('Base de Dados'!B2:B50)
B5: Stakeholders Prioridade Crítica (Score >= 15): | C5: =COUNTIF('Base de Dados'!K2:K50, ">=15")
B6: Alto Risco de Bloqueio (Nível 4 ou 5): | C6: =COUNTIF('Base de Dados'!J2:J50, ">=4")
B8: DISTRIBUIÇÃO DO FUNIL DE JORNADA
B9: Identificado | C9: =COUNTIF('Base de Dados'!L2:L50, "Identificado")
B10: Qualificado | C10: =COUNTIF('Base de Dados'!L2:L50, "Qualificado")
B11: Priorizado | C11: =COUNTIF('Base de Dados'!L2:L50, "Priorizado")
B12: Abordado | C12: =COUNTIF('Base de Dados'!L2:L50, "Abordado")
B13: Engajado | C13: =COUNTIF('Base de Dados'!L2:L50, "Engajado")
B14: Feedback registrado | C14: =COUNTIF('Base de Dados'!L2:L50, "Feedback registrado")
B15: Aliado potencial | C15: =COUNTIF('Base de Dados'!L2:L50, "Aliado potencial")
B16: Aliado ativo | C16: =COUNTIF('Base de Dados'!L2:L50, "Aliado ativo")
B17: Defensor do SBCE | C17: =COUNTIF('Base de Dados'!L2:L50, "Defensor do SBCE")
B18: Opositor | C18: =COUNTIF('Base de Dados'!L2:L50, "Opositor")
B19: Cético | C19: =COUNTIF('Base de Dados'!L2:L50, "Cético")
